<?xml version="1.0" encoding="utf-8"?>
<install type="component" version="1.5.0">
<name>Music</name>
<author>Mahesh Rangana Range</author>
<creationDate>September 2010</creationDate>
<copyright>(C) 2010</copyright>
<authorEmail>mashtharufit@gmail.com</authorEmail>
<authorUrl>#</authorUrl>
<version>1.5.0</version>
<license>Non-Commercial</license>
<description>A component best for introduce the new music mp3.</description>
<installfile>install.music.php</installfile>
<uninstallfile>uninstall.music.php</uninstallfile>

<install>
<sql>
<file driver="mysql" charset="utf8">install.mysql.sql</file>
</sql>
</install>
<uninstall>
<sql>
<file driver="mysql" charset="utf8">uninstall.mysql.sql</file>
</sql>
</uninstall>

<files>
<filename>controller.php</filename>
<filename>music.php</filename>
<filename>router.php</filename>
<filename>audio/player1.swf</filename>
<filename>models/music.php</filename>
<filename>views/music/view.html.php</filename>
<filename>views/music/tmpl/default.php</filename>
</files>

<administration>
<menu link="option=com_music">Music intro</menu>

<files folder="admin">
<filename>install.mysql.sql</filename>
<filename>uninstall.mysql.sql</filename>
<filename>admin.music.html.php</filename>
<filename>admin.music.php</filename>
<filename>controller.php</filename>
<filename>tables/music.php</filename>
<filename>toolbar.music.html.php</filename>
<filename>toolbar.music.php</filename>
</files>
</administration>
</install>