<?xml version="1.0" encoding="utf-8"?>
<extension type="component" version="1.6.0" method="upgrade">

  <name>COM_MUSIC</name>
  <creationDate>July 2011</creationDate>
  <author>Daniel Scott</author>
  <authorEmail>dan@danieljamesscott.org</authorEmail>
  <authorUrl>http://danieljamesscott.org</authorUrl>
  <copyright>Copyright Daniel Scott 2011</copyright>
  <license>GPL V3 or later</license>
  <version>1.0</version>
  <description>COM_MUSIC_DESCRIPTION</description>

  <install>
    <sql>
      <file driver="mysql" charset="utf8">sql/install.mysql.utf8.sql</file>
    </sql>
  </install>
  <uninstall>
    <sql>
      <file driver="mysql" charset="utf8">sql/uninstall.mysql.utf8.sql</file>
    </sql>
  </uninstall>
  <update>
    <schemas>
      <schemapath type="mysql">sql/updates/mysql</schemapath>
    </schemas>
  </update>

  <files folder="site">
    <filename>index.html</filename>
    <filename>controller.php</filename>
    <filename>music.php</filename>
    <folder>models</folder>
    <folder>views</folder>
  </files>
  <languages folder="site">
    <language tag="en-GB">language/en-GB/en-GB.com_music.ini</language>
  </languages>

  <administration>
    <!-- Administration Menu Section -->
    <menu>COM_MUSIC_MENU</menu>
    <submenu>
      <menu>COM_MUSIC_MENU</menu>
      <menu view="albums">COM_MUSIC_ALBUMS_MENU</menu>
      <menu view="songs">COM_MUSIC_SONGS_MENU</menu>
      <menu view="artistalbums">COM_MUSIC_ARTISTALBUMS_MENU</menu>
      <menu view="albumsongs">COM_MUSIC_ALBUMSONGS_MENU</menu>
    </submenu>
    <files folder="admin">
      <filename>music.php</filename>
      <filename>controller.php</filename>
      <filename>index.html</filename>
      <folder>controllers</folder>
      <folder>tables</folder>
      <folder>models</folder>
      <folder>views</folder>
      <folder>sql</folder>
      <folder>helpers</folder>
    </files>
    <languages folder="admin">
      <language tag="en-GB">language/en-GB/en-GB.com_music.ini</language>
      <language tag="en-GB">language/en-GB/en-GB.com_music.sys.ini</language>
    </languages>
  </administration>

  <updateservers>
    <server type="extension" priority="1" name="Music Manager Update Site">http://danieljamesscott.org/joomla_extensions/update/com_music-update.xml</server>
  </updateservers>
</extension>
