<?xml version="1.0" encoding="utf-8" ?>
<access component="com_music">
  <section name="component">
    <action name="core.admin" title="JACTION_ADMIN" description="JACTION_ADMIN_COMPONENT_DESC" />
    <action name="core.manage" title="JACTION_MANAGE" description="JACTION_MANAGE_COMPONENT_DESC" />
    <action name="core.create" title="JACTION_CREATE" description="JACTION_CREATE_COMPONENT_DESC" />
    <action name="core.delete" title="JACTION_DELETE" description="JACTION_DELETE_COMPONENT_DESC" />
    <action name="core.edit" title="JACTION_EDIT" description="JACTION_EDIT_COMPONENT_DESC" />
  </section>
  <section name="music">
    <action name="core.create" title="JACTION_CREATE" description="COM_MUSIC_ACCESS_CREATE_MUSIC_DESC" />
    <action name="core.delete" title="JACTION_DELETE" description="COM_MUSIC_ACCESS_DELETE_MUSIC_DESC" />
    <action name="core.edit" title="JACTION_EDIT" description="COM_MUSIC_ACCESS_EDIT_MUSIC_DESC" />
  </section>
</access>